src,vmag,k,peak,n_at_peak,badfrac
11874,20.963812256729234,0,3.9950845,1,0.0
21012,18.858742184954895,0,22.997454,1,0.0
35747,21.37607754052671,0,2.9280505,1,0.0
22275,19.023280002433644,0,22.145575,2,0.0
7040,22.160631214626427,0,1.2012674,1,0.0
20321,21.738926974222597,0,1.9577742,1,0.0
6007,15.916446130691956,0,397.8267,1,0.0
37633,16.095787276688064,1,372.36716,1,0.0
2735,21.247818531873538,0,3.4390068,1,0.0
21057,17.829524800382092,0,79.41485,1,0.0
11964,19.889600941695996,0,10.458973,1,0.0
11920,22.06857656732254,0,1.5626149,1,0.0
21003,22.120938199360968,0,1.3682573,1,0.0
7189,17.49360517877603,0,93.29639,1,0.0
21016,15.857728989272218,0,489.49396,1,0.0
21082,21.63488713097125,0,2.2961025,1,0.0
7362,20.881346502135077,0,4.116345,1,0.0
36044,22.036205063724477,3,1.4934928,1,0.0
19518,21.686646455267788,0,1.8232661,2,0.0
36115,20.872354404314194,0,4.1047835,1,0.0
7372,22.045510082439726,0,1.5505857,1,0.0
21162,21.889597473656174,0,1.9393718,1,0.0
7378,20.44612964442493,0,7.4766436,1,0.0
20504,19.728242111969248,5,14.82511,1,0.0
11961,21.55163079142361,0,2.2090662,1,0.0
4601,20.960748434037747,0,3.313196,2,0.0
21212,20.22622824480973,0,8.326163,1,0.0
7404,21.975859287272783,0,1.533475,1,0.0
22658,19.91978814127779,0,11.597982,1,0.0
19624,18.048032500078875,0,61.588608,1,0.0
36131,18.89118100733976,0,27.194881,1,0.0
20547,20.990738012664792,0,4.3252635,1,0.0
7217,20.239123085114876,0,7.376368,1,0.0
21300,22.387062396613263,0,1.0191334,1,0.0
6052,22.497826253999136,0,1.0960485,1,0.0
36429,18.597145353290358,0,37.03853,1,0.0
7076,21.25134314206825,0,3.6968672,1,0.0
21323,21.2539557962695,0,3.148128,1,0.0
2795,19.537793481517625,0,14.633556,1,0.0
11738,20.823373128794838,0,4.619027,1,0.0
7220,16.61816729368712,0,200.93176,2,0.0
6110,22.20787574017007,0,1.3420321,1,0.0
20634,17.341796466374955,0,100.23149,1,0.0
21494,21.80369841639498,0,2.159253,1,0.0
20682,21.534074786074616,0,2.4934278,1,0.0
21420,21.470985477902282,0,2.4712408,2,0.0
36777,22.230511302571532,0,1.1840518,1,0.0
20666,19.032677765859255,0,23.316137,1,0.0
12217,22.4937926764708,0,1.2451342,1,0.0
21542,21.7130115204843,0,2.5155537,1,0.0
7111,17.9521187325092,0,63.745735,2,0.0
6060,15.943632253174746,0,232.24362,1,0.0
19871,21.240180000534725,0,3.2041955,2,0.0
21645,21.269706548157775,0,3.1400397,1,0.0
36935,20.778066081673966,0,4.8891892,1,0.0
37032,20.72649209880754,0,5.4605556,1,0.0
7263,18.801146344236,0,30.739647,1,0.0
7265,18.25957732573297,0,46.735764,1,0.0
21712,17.30617139298301,0,129.36255,1,0.0
21818,22.371841533814703,0,1.1574165,1,0.0
3054,18.565390548304038,0,41.415737,1,0.0
37188,18.615758852411446,0,41.867973,1,0.0
11827,19.808120667427886,0,10.12296,2,0.0
6071,20.03739313196774,2,11.316115,1,0.0
4670,19.423795614465448,0,15.690208,1,0.0
5991,15.90168542729924,0,411.90906,1,0.0
21948,21.730970218140993,0,2.5916893,1,0.0
12462,21.429292790768308,4,2.2056613,1,0.0
37378,18.878225762032823,0,31.82662,1,0.0
37312,20.083482601662674,0,8.054247,1,0.0
7612,19.45335930414441,0,14.553708,1,0.0
6072,20.310088108626537,0,9.74321,1,0.0
20185,21.676072049180867,0,2.378788,1,0.0
37431,21.59791227818343,0,2.2445166,1,0.0
11540,19.744094309817868,0,13.76352,1,0.0
12538,21.726167526376432,0,2.296115,1,0.0
20220,22.365480566245058,0,1.1240482,1,0.0
7151,19.688771409266845,0,12.440854,1,0.0
7642,16.44446046794336,0,340.55304,1,0.0
20252,20.58152275546791,0,5.1810584,1,0.0
37585,16.813723651138254,0,239.37236,1,0.0
20250,21.099218181064217,0,4.494586,1,0.0
11567,21.263679205453823,0,2.9741957,1,0.0
37703,19.01611446978362,0,21.586134,1,0.0
11589,20.163844880907632,3,7.674604,1,0.0
37667,20.85373780453074,0,5.3080416,1,0.0
13207,22.257170867177656,0,1.1300994,1,0.0
12488,21.641124364036504,0,2.2427156,1,0.0
22428,19.67353481227851,0,16.934479,1,0.0
22386,20.82244389106645,0,5.5980344,1,0.0
13371,20.508437659052216,0,6.8255353,1,0.0
22726,19.758734456832162,0,12.746162,1,0.0
21235,17.994320749186812,0,58.184437,1,0.0
12663,20.103732344999788,0,8.22774,1,0.0
7413,17.176548441786977,0,152.37459,1,0.0
22750,20.276859433502807,0,7.612225,1,0.0
3013,15.95342516849368,5,507.11066,1,0.012345679012345678
22652,20.365096284158604,0,8.372638,1,0.0
22797,21.594016398842626,0,2.1456947,1,0.0
6199,22.118855777886267,0,1.3805962,1,0.0
22829,18.886568463253123,0,28.695433,1,0.0
12178,21.804019843006763,0,1.750097,1,0.0
6115,18.971493792460663,5,29.204674,1,0.0
22925,17.048917378885868,0,138.4159,1,0.0
7820,19.36295905882734,0,15.025125,1,0.0
12881,19.497107900931184,2,17.327034,1,0.0
22965,19.646732061341364,0,15.745235,1,0.0
21586,21.962185114288104,0,1.4203268,1,0.0
12239,20.235027975490176,0,9.599273,1,0.0
22930,22.463902540192667,0,0.9147472,1,0.0
23015,22.401823202069117,0,1.0444868,1,0.0
22961,22.140569122991423,0,1.662138,1,0.0
4645,21.140557408003684,0,3.9251063,1,0.0
6216,21.190498832381916,0,4.5792317,1,0.0
21661,22.178995827014646,0,1.4272236,1,0.0
1619,19.918762397350946,0,12.091183,1,0.0
12967,21.32834421971239,0,3.1641827,1,0.0
23129,22.064238639368742,0,1.4870565,1,0.0
21674,21.567474768599496,0,2.3675566,1,0.0
21694,21.64018571669711,0,2.5146186,1,0.0
23035,19.730379390665565,0,13.876576,1,0.0
23070,20.12393237168659,0,8.866954,1,0.0
23182,19.64632521082074,0,14.761357,1,0.0
12970,19.181922701200854,5,21.851458,1,0.0
13037,21.181797505458164,0,3.5181167,1,0.0
13067,19.65250441594961,0,11.61362,1,0.0
12370,21.315145149369673,0,2.8424945,1,0.0
23346,18.43198315589012,0,38.22156,1,0.0
23282,17.761759321628823,0,73.16658,1,0.0
4781,20.673294721737477,0,5.4813647,1,0.0
23421,20.377575834250383,0,6.5535145,1,0.0
23423,19.921375792034734,0,13.52644,1,0.0
13125,21.904368627396554,0,1.8871703,1,0.0
6245,15.774257849372624,0,452.30646,1,0.0
4799,19.764016623982698,0,11.3882475,1,0.0
7971,17.8082912554248,0,75.604904,1,0.0
23442,22.34133384681236,0,1.5583522,1,0.0
23584,22.137315673376722,0,1.4179325,1,0.0
22099,20.841565591135176,0,3.954596,1,0.0
22090,22.461171192415158,0,1.078267,1,0.0
7986,21.69914796175364,0,2.4090326,1,0.0
23651,21.783156391193188,0,2.3193123,1,0.0
13245,19.060293129648926,0,21.016386,1,0.0
13265,22.110281144369225,0,1.4265244,1,0.0
25380,21.39996520981597,0,2.4251354,1,0.0
754,20.767140799327567,0,5.2992673,1,0.0
6164,18.035361623704286,0,20.131289,1,0.5061728395061729
4810,20.10045834503351,0,8.690072,1,0.0
25424,21.823787757329224,0,1.753307,2,0.0
8065,19.396906956226577,0,16.126566,2,0.0
23842,17.41736221133901,0,95.75557,1,0.0
23861,22.09622869498205,0,1.6072233,1,0.0
23893,17.980682556314036,5,66.42535,1,0.0
13418,19.574324020152854,0,17.205713,1,0.0
23937,21.09617243278645,0,3.8596594,1,0.0
13435,22.02269422925133,0,1.499235,2,0.0
8114,19.33565984868257,0,18.517271,1,0.0
24122,18.06548587315936,0,70.86352,1,0.0
24133,21.541977109471745,0,2.2726734,1,0.0
24187,22.10583221646279,0,1.4625472,1,0.0
24332,19.220369999625543,0,20.746248,1,0.0
22663,21.691222673176046,0,2.2668521,1,0.0
12670,16.912402105307287,0,2.7015626,1,0.41975308641975306
13513,20.93274226039958,0,4.2045665,1,0.0
24231,20.507369918369992,0,6.066505,1,0.0
24334,21.731373516396644,0,1.9446255,1,0.0
24367,19.10616675503482,4,20.045853,1,0.0
13563,19.757283520040488,0,10.849153,1,0.0
13598,19.15489868827435,0,26.201471,1,0.0
24487,22.011512943340282,0,1.6129972,1,0.0
6305,19.36112286195955,1,17.240065,1,0.0
8179,18.97843551665676,0,21.807049,1,0.0
24412,20.445262551451293,0,6.4115877,1,0.0
3311,20.788386419770802,0,4.746431,1,0.0
13672,21.47903189699357,0,2.7693603,1,0.0
24470,19.34101039269634,0,15.66946,1,0.0
8215,20.497504673993156,0,6.2485924,1,0.0
24747,18.29141102810372,0,43.46452,2,0.0
4911,18.24629303296815,0,56.52783,1,0.0
24766,21.835679815947575,0,2.3255532,1,0.0
8269,20.990990256599268,0,3.541619,1,0.0
24841,19.40155113514693,0,20.18538,1,0.0
24906,20.49532823783243,0,6.6229343,1,0.0
24950,20.83108948894541,0,4.467116,1,0.0
8320,22.44058569099753,0,1.0788599,1,0.0
4933,21.634683394970075,0,2.0417912,1,0.0
23255,17.991692856716618,5,60.953007,1,0.0
25001,20.382661094098527,0,6.7038383,1,0.0
13852,22.326766440330566,0,1.1697028,1,0.0
23412,17.799081111808846,0,72.86228,2,0.0
13876,22.0458311841864,0,1.478919,1,0.0
6329,22.456856319551317,0,1.3655926,1,0.0
25086,20.943281208722258,0,4.2561607,1,0.0
13980,21.653019835547322,0,2.6929824,1,0.0
8422,21.49209531893339,0,2.712306,1,0.0
25334,20.648269739651134,0,5.880659,1,0.0
6348,18.136780943125142,0,61.46051,1,0.0
26896,17.63645471105732,0,83.71029,1,0.0
25500,21.63550898709664,0,2.16665,1,0.0
26928,18.83253303422399,0,32.46683,1,0.0
14133,19.056341124191402,0,24.430868,1,0.0
23944,21.79787218663067,0,2.0942245,1,0.0
8442,22.40550587537742,0,0.9912271,1,0.0
25575,18.747887385532678,0,33.026,1,0.0
14154,17.606942478491177,0,78.76318,1,0.0
25589,21.420764318458247,0,3.0736878,1,0.0
4965,16.31463495852123,3,373.09265,1,0.0
14161,18.07367908788293,0,53.383846,1,0.0
8483,22.04142971215179,0,1.7396111,1,0.0
27081,21.307229567659565,0,2.9376197,1,0.0
25659,20.59924744635569,0,7.092396,1,0.0
4988,21.8877505459183,0,1.7919081,1,0.0
8510,18.163674494744892,0,45.325302,1,0.0
6287,22.264168361945288,2,1.1343902,1,0.0
25769,19.35403697521973,0,21.755854,1,0.0
25870,21.90732280692943,0,1.827165,1,0.0
8137,16.660576847158218,5,210.96619,1,0.0
14274,17.008856289332446,1,181.57167,1,0.0
14292,22.001631483053544,3,1.5672289,1,0.0
25819,17.594642008757347,0,94.770836,1,0.0
25824,21.94439937358429,0,1.7802832,1,0.0
24415,18.064329444334067,0,65.77803,1,0.0
842,18.130618551124098,0,63.89149,1,0.0
8572,19.869408706356143,0,11.972798,1,0.0
25923,21.614284373948465,0,2.172518,1,0.0
25925,21.927939568576722,0,1.6372502,1,0.0
8590,21.253712526953066,0,3.8524718,1,0.0
14319,18.833363251150452,0,29.436546,1,0.0
25998,22.499883464184702,0,1.2712988,1,0.0
26028,19.883658479843934,0,13.017935,1,0.0
25816,21.976793096982846,0,1.6137894,1,0.0
8617,21.495354369135235,0,2.6628702,1,0.0
14359,19.412260211962362,0,18.15184,1,0.0
26111,20.173593594222684,0,7.4692802,1,0.0
14444,21.883227030688523,0,1.6005108,2,0.0
24602,21.105759304207616,1,4.4664426,1,0.0
8632,21.59805902495806,0,2.1731672,1,0.0
24621,21.438004589951404,0,2.8329952,1,0.0
26177,20.181239388677078,0,8.136114,1,0.0
26224,21.602575988079202,0,2.3481386,1,0.0
14481,20.405235301824014,0,7.54975,1,0.0
8649,19.514884214290397,2,15.31842,1,0.0
27753,20.587745812141414,0,5.8214684,1,0.0
14503,19.93787836842259,0,10.261447,1,0.0
26297,20.02091967039554,2,12.283774,1,0.0
26320,22.04982463641016,0,1.7505038,1,0.0
26200,19.588485180055297,5,15.785973,1,0.0
8685,21.804830966928026,0,1.8564279,1,0.0
8680,21.98587640418072,0,1.9013422,1,0.0
5052,18.9088282433469,0,36.390884,1,0.0
26365,21.506550717176168,0,2.7726905,1,0.12345679012345678
6419,21.248176798655578,0,2.5799494,1,0.0
26486,22.098365244482416,0,1.449412,1,0.0
26510,19.47468395948502,0,15.801314,1,0.0
3483,21.021438512183373,0,4.185592,1,0.0
26557,21.849006133953353,1,1.8739032,1,0.0
26572,19.746392462168366,0,14.978488,1,0.0
26585,21.103792282278512,0,3.2689953,2,0.0
8763,21.31063639320196,0,2.758319,1,0.0
6431,18.903445104618463,3,28.479156,1,0.0
8753,19.09987314016109,1,28.78741,1,0.0
26711,19.655289074390097,0,14.132073,1,0.0
8812,19.77147101341719,1,13.032676,1,0.0
14758,21.846290345796515,0,2.3806374,1,0.0
1924,20.89423969456712,0,5.0454407,1,0.0
26875,20.366783148636557,0,7.558897,1,0.0
14789,19.788574527370653,0,10.031984,1,0.0
26818,21.84485470169882,0,1.9536213,1,0.0
6535,17.395554679976023,0,93.6458,1,0.0
15566,19.80287385459092,0,12.059223,1,0.0
14894,19.520463281715415,0,12.344275,1,0.0
5111,21.487408933567664,2,2.4196718,1,0.0
26939,22.311253319459937,0,1.0687879,2,0.0
6530,22.10400803089653,0,1.4929717,1,0.0
8896,21.87484097042899,0,2.0019011,1,0.0
26983,20.031320538288465,0,9.707924,1,0.0
27109,17.6134414566889,0,100.33785,1,0.0
8871,19.335852762364727,4,21.849821,1,0.0
26987,20.92751810507833,0,4.2643332,1,0.0
27007,18.395218331829728,0,35.243008,1,0.0
14950,20.883630858715428,0,4.162521,2,0.0
14897,22.436294213730356,0,1.0931426,1,0.0
3552,19.557141317773265,0,15.648342,1,0.0
1957,16.227938270699084,5,347.51868,1,0.0
6461,21.986792741457982,0,1.5577778,1,0.0
8928,18.977950620220014,4,24.026756,1,0.0
27227,20.2202097876727,0,10.611116,1,0.0
6468,16.965484689633406,0,155.87709,1,0.012345679012345678
27263,21.226958058277418,0,3.0073783,1,0.0
27274,18.81894834646762,5,25.040932,1,0.0
889,22.337897316095574,0,1.250343,1,0.0
25750,22.277987085804433,0,1.3848,1,0.0
25751,22.011471389852918,0,1.4847975,2,0.0
8958,22.309091193516927,0,1.6230258,1,0.0
27475,21.080404616376896,0,3.853692,1,0.0
8980,21.94281619438032,4,1.5981721,1,0.0
27432,21.037629960034884,0,3.5150368,1,0.0
27436,19.976818605893612,0,14.743531,1,0.0
15088,22.340938307963615,0,1.1667669,1,0.0
27479,21.977947560244868,0,1.6492814,1,0.0
25915,21.04203724191373,0,4.1691494,1,0.0
15891,21.670201160538674,0,2.2067206,1,0.0
27569,16.017291237599736,0,1.6899643,1,0.6049382716049383
27418,21.167841302619216,0,3.715774,1,0.0
27578,21.69206395838102,0,2.7617497,1,0.0
26073,17.89843799719882,0,92.77026,1,0.0
6488,18.72299834750731,0,32.42416,1,0.0
27661,21.094304179197312,0,3.0710344,1,0.0
9042,20.523025410166518,0,6.177429,1,0.0
27700,19.80413101161095,0,12.683556,1,0.0
27752,18.501095945233782,0,35.12849,1,0.0
9032,19.952068209737234,0,10.7919855,1,0.0
6408,17.48059997293516,0,11.1829815,1,0.6296296296296297
6490,16.362024784442497,0,284.80936,1,0.0
5184,17.248388148668873,0,117.73119,1,0.0
27850,18.9212191147831,5,29.682606,1,0.0
27908,19.3893193363173,0,17.947128,1,0.0
27898,22.11337147053841,0,1.195772,1,0.0
6502,15.915964169776018,0,454.48456,1,0.0
26464,18.76830416422834,0,34.12496,1,0.0
5070,16.20770288252477,0,278.983,1,0.0
15374,17.395834631803478,5,151.44537,1,0.0
6523,22.2244722502955,0,1.3707657,1,0.0
28178,21.62749285272745,0,2.043234,1,0.0
14692,20.423389623218522,0,6.7701807,1,0.0
6517,21.231432226259262,0,3.8043215,1,0.0
28215,19.799245060847547,0,12.703344,1,0.0
28307,21.121327635451603,0,3.7855797,1,0.0
9234,19.13730606359031,0,23.026052,1,0.0
9288,20.50316753746607,0,7.055338,1,0.0
28468,18.548550355280266,0,35.40638,1,0.0
3662,17.281240902839933,0,9.242653,1,0.6790123456790124
9262,17.12137491911743,0,130.14981,1,0.0
29660,19.5377430292874,0,17.98874,1,0.0
28495,21.388200295094734,0,2.5727062,1,0.0
15688,21.540612131306506,0,2.8355932,1,0.0
9283,21.814342564408435,0,2.0025709,1,0.0
28519,18.187318426757287,0,51.26415,1,0.0
28633,20.367767570934255,0,7.500138,1,0.0
3548,20.988604134985685,0,4.439297,1,0.0
28664,20.11729824403321,0,10.042081,1,0.0
28662,20.934328750129072,4,4.571354,1,0.0
14204,21.542500015385762,0,3.164,1,0.0
28750,22.411867131547506,0,1.0858717,1,0.0
3692,22.38280913349397,0,1.0121597,1,0.0
9361,21.824933659385632,0,2.0687947,1,0.0
28865,20.722827233919645,0,6.013151,1,0.0
9418,22.331380424484934,0,1.1129435,1,0.0
28901,22.02697800728736,0,1.7272303,1,0.0
5302,16.51455469613421,0,285.4939,1,0.0
6570,16.394752473927923,0,171.33237,1,0.0
9419,20.5849391205435,0,6.1814017,1,0.0
9000,21.714003771723274,0,2.3745904,1,0.0
29067,21.137190402514754,0,3.4652877,1,0.0
29068,21.433908005921428,0,2.6924145,1,0.0
15933,17.70324861955609,1,109.127846,1,0.0
29044,20.850033068578036,0,5.6678677,1,0.0
9458,20.420739265997415,0,7.2384024,1,0.0
5326,18.938674162792516,0,26.597038,1,0.0
6492,20.86130456454469,0,4.860684,1,0.0
9500,19.70801209424718,0,17.61033,1,0.0
5318,18.914306441060987,2,25.033756,2,0.0
29263,21.450040666041524,0,2.8827512,1,0.0
9506,20.70939580307901,0,5.5465946,1,0.0
3733,19.169372645685442,4,23.135803,1,0.0
29196,20.036698036945047,0,8.7106,1,0.0
9490,19.255905908632013,0,20.77252,1,0.0
9511,21.72401325113743,0,2.1856222,2,0.0
3628,17.378802768642586,0,90.305305,1,0.0
9521,19.087801041897794,0,30.164145,1,0.0
29407,21.136412557543544,0,3.8374119,1,0.0
27943,19.857324547250535,1,13.701177,1,0.0
16118,22.381371466935963,0,1.3495458,1,0.0
29377,22.47759199855562,0,1.2070018,1,0.0
2172,18.904240564117387,5,32.935135,1,0.0
29625,21.712887820437246,0,2.6571543,1,0.0
29701,20.851577776003687,0,4.5863414,1,0.0
15407,16.79326764350034,0,1.4764531,1,0.6172839506172839
29711,21.100442287024933,0,4.256046,1,0.0
5357,21.141136465282244,0,3.6524866,1,0.0
5374,16.836225916822357,0,212.33614,1,0.0
15432,19.686886754126892,0,13.011927,1,0.0
6620,21.252884209222827,0,3.681341,1,0.0
29842,20.508666714460045,0,6.623057,1,0.0
29840,22.33103047586741,0,1.2647871,1,0.0
5388,22.282928110502247,0,1.1188141,1,0.0
29882,22.031729804373462,0,1.3541733,1,0.0
28415,22.39977517370726,0,1.2401015,1,0.0
5383,19.897919462076064,0,10.567987,1,0.0
2212,18.21045842137907,0,58.659187,1,0.0
6649,17.125916492075117,0,123.89414,1,0.0
17121,21.516466466056347,0,2.3968678,1,0.0
28580,20.445100714616768,0,8.118996,1,0.0
17044,18.706243680389704,0,37.293953,1,0.0
31242,17.537395186397557,0,106.45794,1,0.0
29955,17.75313918526604,0,95.46193,1,0.0
10044,18.22156507501182,0,60.325436,1,0.0
15661,19.085780107837117,2,22.646645,2,0.0
31266,22.19146868562975,0,1.4912225,1,0.0
31280,21.48615106385609,0,2.4578247,1,0.0
30064,19.241049309615015,3,15.540864,1,0.0
9718,22.467573234529063,0,0.9565651,2,0.0
16361,21.124668229471567,0,3.1516738,2,0.0
16373,18.373003515392952,0,40.311527,1,0.0
5409,19.58263096081796,0,16.106728,1,0.0
16381,22.444477100868667,0,1.13167,1,0.0
6551,16.226139805639775,4,399.37585,1,0.0
9694,16.622520334337956,0,9.783459,1,0.5555555555555556
28660,22.387794992604046,0,1.1824563,1,0.0
5412,19.260680663772305,0,18.962057,1,0.0
16454,17.476528520140228,0,1.4967173,1,0.654320987654321
30151,21.37722684901643,0,2.7347891,2,0.0
30039,20.127184539417513,0,9.366881,1,0.0
16472,21.386500966601616,0,2.8879488,1,0.0
30213,17.610440761809375,0,80.82542,1,0.0
5426,19.02160114778908,1,24.114147,1,0.0
2242,19.351909168234695,0,25.910162,1,0.0
5284,20.814805307643347,0,5.295768,1,0.0
30441,20.721940339241623,0,4.7002583,1,0.0
30342,20.063666040613683,0,10.003285,1,0.0
16665,20.531455424356555,0,6.163944,1,0.0
30595,22.467558218661132,0,1.0190014,1,0.0
9860,16.903228006694512,0,202.44658,1,0.0
16691,20.547411432383594,0,6.3392653,1,0.0
16711,18.757700959803724,0,31.196262,1,0.0
1055,22.061319222381478,0,1.4565867,1,0.0
16749,21.100318455058925,4,3.893142,1,0.0
30758,21.642514309946712,0,2.5290797,1,0.0
16756,19.90664831401565,0,9.796918,1,0.0
30777,22.176624766348375,0,1.2264043,1,0.0
30711,20.864903040957692,0,4.773454,1,0.0
16040,17.82189657034496,0,87.10378,1,0.0
30906,22.426923634842066,0,1.1521084,1,0.0
30933,21.16403342511465,0,3.5262594,1,0.0
16104,20.937946208553583,0,5.456181,1,0.0
30878,21.943610271427787,0,1.9937401,1,0.0
16926,20.575159706525934,0,6.0270863,1,0.0
6613,22.216635834156833,0,1.5076587,1,0.0
5356,19.331693976182983,0,19.462305,1,0.0
16951,21.71060132219275,0,1.8909452,1,0.0
9955,16.811469367146483,0,207.48535,1,0.012345679012345678
31104,17.369318063268377,0,121.80078,1,0.0
17899,16.582266054469684,0,274.43918,1,0.0
10004,19.339337042090147,0,21.233547,1,0.0
29675,20.806230137493987,4,4.8871565,1,0.0
10009,20.863921282211606,0,4.523389,1,0.0
29810,22.403026072612473,0,0.93761414,1,0.0
5517,19.372823980354248,0,16.226791,2,0.0
31388,21.109392104095676,0,3.2727208,2,0.0
6623,16.88054709557737,0,11.682485,1,0.8395061728395061
9679,18.619510582443766,0,41.617638,1,0.0
1097,21.394354786225353,0,2.5552194,1,0.0
33377,20.617727035398744,0,5.716625,1,0.0
33118,18.07369240000017,5,61.75671,1,0.0
31550,18.447216789424218,0,50.409275,1,0.0
6857,21.927148453138994,0,1.8096693,1,0.0
33134,17.409339202036673,0,105.101654,1,0.0
5527,21.806679692056356,0,2.0950801,1,0.0
31628,19.18579861823008,0,23.6876,1,0.0
31622,19.886997555024504,0,10.586009,1,0.0
10105,20.452771844138834,0,5.637361,2,0.0
17234,19.77880683171891,0,11.908802,1,0.0
17161,18.841849771529837,0,28.248667,1,0.0
31500,16.51215124944287,0,267.1123,1,0.04938271604938271
17265,21.738996796871014,0,1.8895558,1,0.0
30242,18.418554230261975,0,41.371933,1,0.0
31806,20.254990845778224,1,8.468194,1,0.0
17345,22.184387758636042,0,1.4555821,1,0.0
6772,20.25952001895061,0,8.736906,1,0.0
31905,20.124812067040434,0,7.908784,2,0.0
31910,20.00800503480952,0,10.804272,1,0.0
16621,19.302234231071196,2,20.80248,1,0.0
6680,22.35147984098495,0,1.177781,1,0.0
31940,18.60012723470487,0,37.117176,1,0.0
10185,21.18278580493337,0,3.9608126,1,0.0
17394,21.804157079098804,0,1.6827804,1,0.0
10206,17.949331361265884,3,70.19701,1,0.0
17423,20.060732553336937,0,10.179347,1,0.0
6798,21.51326579931328,0,2.3981683,1,0.0
6683,17.344658228504894,0,11.816487,1,0.7407407407407407
1042,17.426590162229207,0,9.459465,1,0.691358024691358
17515,21.78329359434388,0,2.3772304,1,0.0
17461,18.23053631438846,0,52.638565,1,0.0
32311,20.170261671046486,1,10.893719,1,0.0
32299,18.44238251147678,0,46.670807,1,0.0
32307,19.506201932304226,0,19.065727,1,0.0
32323,20.6539098249136,0,9.60992,1,0.43209876543209874
32324,17.760181442776314,1,64.37435,1,0.0
32327,21.28676425253678,0,2.4408703,1,0.0
5602,18.34835478987203,2,47.655796,2,0.0
17730,21.44877215145566,0,2.7862008,1,0.0
32639,22.029165759501733,0,1.6177249,1,0.0
32714,20.515885617496465,2,8.466632,1,0.0
33068,21.0938686634688,0,4.610261,1,0.0
17962,20.70755291412667,0,5.669124,1,0.0
32941,22.014542536233886,0,1.6761642,1,0.0
29765,17.33989047078014,0,152.59146,1,0.0
5659,17.556272279227116,0,100.706,1,0.0
10040,20.08227280546063,0,10.455589,1,0.0
17950,20.158038423037787,0,9.762872,1,0.0
6876,19.88221700234989,0,10.18984,1,0.0
10519,21.171453426283318,0,3.869917,1,0.0
6864,22.41084914233677,0,1.2344248,1,0.0
33489,16.491481651069954,0,308.07492,1,0.0
33396,17.65878981809707,0,70.62126,2,0.0
18615,21.650286585993047,0,1.9122586,1,0.0
17214,19.504929883680333,3,19.987349,1,0.0
33423,19.151314976990278,0,18.913265,1,0.0
5701,16.103055976033488,1,382.26773,1,0.0
33529,17.69001742676787,0,90.55047,1,0.0
31711,19.588957787045572,0,19.297989,1,0.0
6771,22.379894722138744,0,1.2801882,1,0.0
10585,17.602045475149772,0,101.309166,1,0.0
18239,20.29072304383503,1,7.098764,1,0.0
6912,22.04461793322266,0,1.6942041,1,0.0
31882,20.84354735796551,0,4.5988965,1,0.0
18280,21.735023068195684,0,2.2370107,1,0.0
33740,22.268670238544672,0,1.1151451,1,0.0
6915,21.199439590643227,0,4.034382,1,0.0
33881,18.371273651693908,0,44.219112,1,0.0
33790,21.326846411338305,0,3.1807272,1,0.0
33794,21.67644383841777,0,2.3623042,1,0.0
33835,21.247024195482677,0,2.9432487,1,0.0
18389,20.40373227041495,0,8.128689,1,0.0
33850,17.511569301192992,0,88.9019,1,0.0
33882,19.5644403313317,0,13.510465,2,0.0
6806,20.622442286291438,0,6.167538,1,0.0
32196,17.18525358122899,0,123.47476,2,0.0
32170,21.273066372721686,0,3.2435331,1,0.0
33975,22.456663731530245,0,1.042799,1,0.0
33995,22.381371978268106,0,1.0420693,1,0.0
33931,22.132002811065068,0,1.4824587,1,0.0
18417,21.46752149751056,0,3.0226724,1,0.0
34011,20.905818109049935,0,4.4280457,1,0.0
10700,18.550666579438058,0,33.433598,1,0.0
34089,17.584860573749154,5,123.640305,1,0.0
17636,22.245210887201086,0,1.4773464,1,0.0
32459,21.16197792239778,0,3.122009,1,0.0
17729,21.67928299246549,0,2.5051653,1,0.0
34171,19.326534174746932,0,18.487934,1,0.0
6843,21.004766826557642,0,5.201075,1,0.0
32867,19.575218150894017,0,16.20447,1,0.0
34294,17.492524391804054,0,106.930756,1,0.0
32950,20.004759791079834,0,10.278103,1,0.0
34321,21.042915066196493,0,3.8538425,1,0.0
33000,20.403402653332353,0,7.291598,1,0.0
34410,19.913561462146134,0,10.539782,1,0.0
18585,21.69481110244594,4,2.207489,1,0.0
34472,16.080173985672978,0,358.4747,1,0.0
34455,21.724702567596992,0,1.8241241,1,0.0
34449,20.921456424241097,0,3.9593735,1,0.0
18645,22.034133067655578,0,1.7953643,1,0.0
5854,16.028682582367882,0,348.1567,1,0.0
6971,21.58670193036998,0,2.105919,1,0.0
34538,21.690322985291957,4,2.197731,1,0.0
19307,18.695507596074478,0,41.911484,1,0.0
18747,21.36137029676377,0,3.1582487,1,0.0
18696,18.935621392575364,4,28.692074,1,0.0
6973,22.377655973642984,0,1.1042835,1,0.0
18751,19.27448247960635,3,20.506168,1,0.0
10827,20.20827459934985,0,8.047126,2,0.0
18763,21.63368853004239,0,2.2182815,1,0.0
34655,20.024303355299192,0,9.212199,1,0.0
34656,16.717343891713927,0,193.11365,1,0.0
34590,22.13493336280584,0,1.7764084,1,0.0
18708,19.012653559746244,0,24.430979,1,0.0
34698,17.48961527222857,0,137.00056,1,0.0
34725,21.933914999068122,0,1.7394487,1,0.0
10869,20.635445975168526,0,5.295511,1,0.0
18818,21.637322838537873,0,2.4576385,1,0.0
2642,19.415466228371,0,13.953154,1,0.0
6981,21.904573864858985,0,1.7420709,1,0.0
10878,18.39980935523853,0,41.81935,1,0.0
34776,22.06732979668764,0,1.8451654,1,0.0
33776,18.308830544809062,0,51.377434,1,0.0
34869,20.98142003235849,0,4.0838833,1,0.0
34881,18.782454677494844,0,29.410152,1,0.0
18890,21.30504633713489,0,2.7798448,2,0.0
34880,21.697103215034687,0,2.362302,1,0.0
36383,21.922569892160038,0,1.8556081,1,0.0
34808,20.21466689214502,0,8.798821,1,0.0
34714,20.048706116787834,0,9.592601,1,0.0
11238,19.429060168167165,0,17.7167,1,0.0
5796,21.295434159407343,0,3.3566191,1,0.0
34984,19.863474544931165,2,11.051093,1,0.0
18929,21.73288226097366,0,2.142504,1,0.0
4271,22.42261520550937,0,1.2606287,1,0.0
34892,20.121939864683434,0,8.984694,1,0.0
18951,22.308560060607203,0,1.1851128,1,0.0
5800,19.227648214136764,0,22.90039,1,0.0
18995,21.018296587814216,0,4.047416,1,0.0
6991,17.861270206733728,0,80.95933,1,0.0
35115,21.2161917723599,0,3.9342465,1,0.0
18940,20.47332111628093,0,7.5840993,1,0.0
5809,18.115950734673238,1,59.65982,1,0.0
35220,22.329649481584873,0,1.0726763,2,0.0
35233,22.48664874244012,4,0.8979672,1,0.0
35229,21.17083181790386,0,3.9753034,1,0.0
35252,21.624514473580952,0,2.9129295,1,0.0
35437,21.403428360428705,0,2.6379695,1,0.0
35374,20.541461554150263,0,5.6410346,2,0.0
35365,21.06901939166887,0,3.9546664,1,0.0
35399,22.236301017607325,0,1.476393,1,0.0
35442,21.93188083184576,0,1.2633058,1,0.0
35461,22.33614075608704,0,1.1065409,1,0.0
35489,22.163987726591106,0,1.5940388,1,0.0
11023,22.43308019853118,0,1.1887319,1,0.0
35518,21.831030763852937,0,2.0531142,1,0.0
19184,20.887471995990477,0,5.0327764,1,0.0
11086,19.64394688254614,0,16.163677,1,0.0
11101,22.078675350161625,0,1.4416,1,0.0
35500,18.048178849838003,5,60.40908,2,0.0
1223,19.107661524281127,4,24.073566,1,0.0
11162,21.030461676608194,0,3.403349,3,0.0
19432,17.68091305380348,2,93.048454,1,0.0
35949,20.909003730157213,0,4.779321,1,0.0
35803,21.444145324744188,0,2.4085653,1,0.0
19374,21.486061167679463,0,2.2578518,2,0.0
35850,17.670610421551054,0,91.693756,1,0.0
36040,19.2989980448333,0,17.4454,1,0.0
35871,17.313494440918788,0,120.993515,1,0.0
36090,18.54004678583187,4,48.18727,1,0.0
18829,21.34031100074418,0,3.051707,1,0.0
19545,18.86452073008521,0,24.937405,1,0.0
36196,21.99969883842244,0,1.5407008,1,0.0
19652,20.663599788539408,0,5.8030195,1,0.0
36405,19.138411651329815,0,28.932852,1,0.0
19708,19.37633293337313,0,21.99204,1,0.0
19707,19.436763071841455,0,15.345394,1,0.0
5899,19.118727806409606,0,21.781544,1,0.0
19763,19.685271337538914,0,15.017366,1,0.0
11271,22.06429113982242,0,1.3908738,1,0.0
36594,19.712884118106917,0,15.743462,1,0.0
19856,19.876667777275305,0,13.923383,1,0.0
36537,21.498795824353675,0,2.4591143,1,0.0
36623,18.546316835909078,0,36.674904,1,0.0
11346,18.410019588470377,6,49.782394,1,0.0
36903,19.756450530114655,0,13.411079,1,0.0
36938,21.938715971880978,0,1.7097235,1,0.0
37087,18.558859529200127,0,37.050957,1,0.0
7129,17.425386245072993,0,124.37039,1,0.012345679012345678
11018,20.444005877237338,0,6.500749,1,0.0
37245,21.37030615531809,0,3.0490425,1,0.0
37248,21.244178751470525,0,3.962454,1,0.0
11473,20.820869229042184,0,4.34948,2,0.0
20103,22.135155778779364,0,1.8241442,1,0.0
37415,20.32226160781529,0,6.827839,2,0.0
7154,22.310395615906955,0,1.5419636,1,0.0
37484,19.20436477525356,0,21.34788,1,0.0
5999,21.47914170551453,0,2.2551801,1,0.0
20308,22.007319251172788,0,1.9188808,1,0.0
2744,18.822445087920876,0,1.3377012,1,0.7901234567901234
19422,20.548132659844466,0,5.384391,1,0.0
19469,18.02634803498098,0,63.87378,1,0.0
19378,18.8247007763355,4,25.522055,1,0.0
19512,19.511094407814653,0,14.616734,1,0.0
36255,19.517837705629717,0,18.123102,1,0.0
4399,20.99399789804411,0,3.8644023,2,0.0
11374,20.911895506927834,3,5.0352535,1,0.0
36853,16.897209023730905,0,1.8402854,1,0.48148148148148145
37267,21.285816757276294,0,3.65309,1,0.0
37571,20.46109010934098,0,7.546997,1,0.0
20233,18.376997942625998,0,45.09089,1,0.0
37732,21.18731386285095,0,4.165772,1,0.0
